question;chunk_id;section_name;chapter_name
Какую должность занимает Максим Каммерер в организации, обозначенной как КОМКОН–2?;037c58a8f1011d66e00e2488bd45380a;СОТРУДНИК КОМКОНА–2 МАКСИМ КАММЕРЕР;1 июня 78–го года
С какой Полярной станции на Землю отбыл Лев Вячеславович Абалкин?;037c58a8f1011d66e00e2488bd45380a;СОТРУДНИК КОМКОНА–2 МАКСИМ КАММЕРЕР;1 июня 78–го года
"Какой предмет извлек Экселенц из бокового ящика стола, который Каммерер поначалу вспомнил на хонтийском языке как ""заккурапия""?";037c58a8f1011d66e00e2488bd45380a;СОТРУДНИК КОМКОНА–2 МАКСИМ КАММЕРЕР;1 июня 78–го года
Какую инструкцию дал Экселенц Каммереру относительно его группы и отчётности по делу Абалкина?;037c58a8f1011d66e00e2488bd45380a;СОТРУДНИК КОМКОНА–2 МАКСИМ КАММЕРЕР;1 июня 78–го года
Какая надпись была вытиснута кармином на папке, переданной ЛЕВУ ВЯЧЕСЛАВОВИЧУ АБАЛКИНУ?;9a490f7a02f67db0fa4bbb9710b1e9bb;Я принял папку. С такой я...;1 июня 78–го года
Что Экселенц запретил делать с материалами, содержащимися в папке?;9a490f7a02f67db0fa4bbb9710b1e9bb;Я принял папку. С такой я...;1 июня 78–го года
Сколько времени дали на выполнение задания, связанного с ЛЕВОМ АБАЛКИНОМ?;9a490f7a02f67db0fa4bbb9710b1e9bb;Я принял папку. С такой я...;1 июня 78–го года
На какой планете, по словам Экселенца, Сикорски по прозвищу Странник гонялся за Мак?;9a490f7a02f67db0fa4bbb9710b1e9bb;Я принял папку. С такой я...;1 июня 78–го года
Какую реакцию вызвала у Андрея и Сандро переподчиненная Клавдия?;6d4f7864391ce37348f5806630431769;КОЕ–ЧТО О ЛЬВЕ АБАЛКИНЕ ПРОГРЕССОРЕ;1 июня 78–го года
Сколько сообщений накопилось в регистраторе, пока рассказчик находился у Экселенца?;6d4f7864391ce37348f5806630431769;КОЕ–ЧТО О ЛЬВЕ АБАЛКИНЕ ПРОГРЕССОРЕ;1 июня 78–го года
Что представляла собой папка, переданная Львом Абалкиным, и какое устройство использовалось для фиксации листов внутри нее?;6d4f7864391ce37348f5806630431769;КОЕ–ЧТО О ЛЬВЕ АБАЛКИНЕ ПРОГРЕССОРЕ;1 июня 78–го года
Какую информацию о Тристане Лоффенфельде передал командир базы Саракш–2?;8928ae3b09dd062ac212cde719c4bf4e;;01.06. — 13.01. СЛОН — СТРАННИКУ.
На каком боте прибыл Тристан на базу Гурон?;8928ae3b09dd062ac212cde719c4bf4e;;01.06. — 13.01. СЛОН — СТРАННИКУ.
По какой причине Гурон был вынужден покинуть базу и на каком рейсе он направился на Землю?;8928ae3b09dd062ac212cde719c4bf4e;;01.06. — 13.01. СЛОН — СТРАННИКУ.
Какие места упомянуты в справке как остановки по маршруту рейса 611?;8928ae3b09dd062ac212cde719c4bf4e;;01.06. — 13.01. СЛОН — СТРАННИКУ.
Какую задачу поручил Слону Экселенц, что заставило его подняться рано утром?;f758c02debf2f9a5998f5e5c00a7cd33;По–моему в этом сама...;01.06. — 13.01. СЛОН — СТРАННИКУ.
В каком учебном заведении получил образование Абалкин Лев Вячеславович, и кто был его наставником?;f758c02debf2f9a5998f5e5c00a7cd33;По–моему в этом сама...;01.06. — 13.01. СЛОН — СТРАННИКУ.
На каких планетах проходила дипломная практика Абалкина, и с какой расой он контактировал?;f758c02debf2f9a5998f5e5c00a7cd33;По–моему в этом сама...;01.06. — 13.01. СЛОН — СТРАННИКУ.
Какое прозвище дали Абалкину его коллеги во время экспедиции, и почему?;f758c02debf2f9a5998f5e5c00a7cd33;По–моему в этом сама...;01.06. — 13.01. СЛОН — СТРАННИКУ.
На каких планетах проходила переподготовка Льва Абалкина в период с ноября 66-го по декабрь 70-го?;d564622644bfdeca7230a2430ec264cc;Ноябрь 66–го сентябрь...;01.06. — 13.01. СЛОН — СТРАННИКУ.
Какие должности занимал Лев Абалкин на планете Саракш в период с сентября 67-го по март 71-го?;d564622644bfdeca7230a2430ec264cc;Ноябрь 66–го сентябрь...;01.06. — 13.01. СЛОН — СТРАННИКУ.
Кто из наблюдающих врачей сменял друг друга в наблюдении за Львом Абалкиным и в какой период времени работал каждый из них?;d564622644bfdeca7230a2430ec264cc;Ноябрь 66–го сентябрь...;01.06. — 13.01. СЛОН — СТРАННИКУ.
Какую школу посещал Лев Абалкин на Земле, согласно данным, полученным из запроса в БВИ?;d564622644bfdeca7230a2430ec264cc;Ноябрь 66–го сентябрь...;01.06. — 13.01. СЛОН — СТРАННИКУ.
В каком году Абалкин участвовал в операции «Мертвый мир»?;ea57e95ddf611a0af4daa623e5630a4d;ВКРАТЦЕ О СОДЕРЖАНИИ ПАПКИ;1 июня 78–го года
Какие изменения происходили с жителями планеты Надежда, согласно отчету Абалкина?;ea57e95ddf611a0af4daa623e5630a4d;ВКРАТЦЕ О СОДЕРЖАНИИ ПАПКИ;1 июня 78–го года
Какую роль играл Абалкин в операции «Мертвый мир» и какое уникальное достижение связано с его участием?;ea57e95ddf611a0af4daa623e5630a4d;ВКРАТЦЕ О СОДЕРЖАНИИ ПАПКИ;1 июня 78–го года
В каком месте Абалкин работал с представителем разумной негуманоидной расы, и кто был его партнером?;ea57e95ddf611a0af4daa623e5630a4d;ВКРАТЦЕ О СОДЕРЖАНИИ ПАПКИ;1 июня 78–го года
Какую должность занимал Лев Абалкин в операции на Гиганде?;792ee942969708533028694163c296ec;И был в папке еще один...;1 июня 78–го года
В каком жанре, по мнению рассказчика, были написаны отчеты Льва Абалкина?;792ee942969708533028694163c296ec;И был в папке еще один...;1 июня 78–го года
В каком году Абалкин направлял рапорт в КОМКОН-1, выражая недоумение по поводу сворачивания операции «Голован в Космосе»?;792ee942969708533028694163c296ec;И был в папке еще один...;1 июня 78–го года
Какие предметы, помимо писем и отчетов, содержались в папке 07 и на которых была монограмма, изображающая то ли китайского дракона, то ли птеродактиля?;792ee942969708533028694163c296ec;И был в папке еще один...;1 июня 78–го года
Какие профессиональные склонности указаны в переписке у Абалкина?;15331c0c435898389f06ccdbca6e4490;В общем эта переписка...;1 июня 78–го года
С какими существами, согласно тексту, обычно работают Прогрессоры, для которых зоопсихология является основной профессией?;15331c0c435898389f06ccdbca6e4490;В общем эта переписка...;1 июня 78–го года
"С кем автор текста планирует обсудить ситуацию с Абалкиным, считая, что в истории наблюдается ""нарушение меры""?";15331c0c435898389f06ccdbca6e4490;В общем эта переписка...;1 июня 78–го года
"В каком году группа ""Йормала"", в составе которой находились Стелла Владимировна и Вячеслав Борисович, совершила погружение в Черную Дыру ЕН 200056?";92d593a679657c5c6fdf8f8e0f74f9ea;ПОЧТИ ВСЕ О ВОЗМОЖНЫХ СВЯЗЯХ ЛЬВА АБАЛКИНА;1 июня 78–го года
Какое учебное заведение посещал Лев Абалкин, где его наставником был Эрнст–Юлий Горн?;92d593a679657c5c6fdf8f8e0f74f9ea;ПОЧТИ ВСЕ О ВОЗМОЖНЫХ СВЯЗЯХ ЛЬВА АБАЛКИНА;1 июня 78–го года
Где в настоящее время находится врач Ромуальд Крэсеску, наблюдавший за учениками школы Прогрессоров?;92d593a679657c5c6fdf8f8e0f74f9ea;ПОЧТИ ВСЕ О ВОЗМОЖНЫХ СВЯЗЯХ ЛЬВА АБАЛКИНА;1 июня 78–го года
На берегу какого озера проживает Сергей Павлович Федосеев, Учитель Льва Абалкина, и как называется его усадьба?;92d593a679657c5c6fdf8f8e0f74f9ea;ПОЧТИ ВСЕ О ВОЗМОЖНЫХ СВЯЗЯХ ЛЬВА АБАЛКИНА;1 июня 78–го года
В какой области знаний Ядвига Михайловна Леканова начала свою карьеру?;9d1a2f2cf57dfc350330fccc458a5755;А вот с Ядвигой...;1 июня 78–го года
Где в настоящее время работает Ядвига Михайловна Леканова?;9d1a2f2cf57dfc350330fccc458a5755;А вот с Ядвигой...;1 июня 78–го года
Через какой стационар предлагается устанавливать связь с Ядвигой Михайловной Лекановой?;9d1a2f2cf57dfc350330fccc458a5755;А вот с Ядвигой...;1 июня 78–го года
В каком году происходит встреча рассказчика с Сергеем Павловичем, Учителем Льва Абалкина?;83f70122d76ea48bdbb741e1797cd01f;УЧИТЕЛЬ ЛЬВА АБАЛКИНА;1 июня 78–го года
Какое учреждение направило Льва Вячеславовича Абалкина в школу Прогрессоров, несмотря на протесты Сергея Павловича?;83f70122d76ea48bdbb741e1797cd01f;УЧИТЕЛЬ ЛЬВА АБАЛКИНА;1 июня 78–го года
Что, по словам рассказчика, является предметом его исследования, в связи с которым он и обратился к Учителю Льва Абалкина?;83f70122d76ea48bdbb741e1797cd01f;УЧИТЕЛЬ ЛЬВА АБАЛКИНА;1 июня 78–го года
Каким образом рассказчик описал внешность Сергея Павловича, упомянув особенности его бровей?;83f70122d76ea48bdbb741e1797cd01f;УЧИТЕЛЬ ЛЬВА АБАЛКИНА;1 июня 78–го года
Какое увлечение, помимо соревнований и театра, особенно соло, было у Льва Абалкина?;104b8f506b01e79940279dd3f25888d6;Лев Абалкин был мальчик...;1 июня 78–го года
Какое качество Льва Абалкина, по мнению Сергея Павловича, мешало установлению контакта с ним?;104b8f506b01e79940279dd3f25888d6;Лев Абалкин был мальчик...;1 июня 78–го года
В каком месте Сергей Павлович впервые встретил Льва Абалкина, когда тот занимался своим хобби?;104b8f506b01e79940279dd3f25888d6;Лев Абалкин был мальчик...;1 июня 78–го года
Какую профессию, по словам Сергея Павловича, в итоге выбрала Майя Глумова?;104b8f506b01e79940279dd3f25888d6;Лев Абалкин был мальчик...;1 июня 78–го года
В каком году Майя Тойвовна Глумова приняла участие в операции «Ковчег»?;a966ee6d2fc541e052b7817eb1dfe151;МАЛЕНЬКИЙ ИНЦИДЕНТ С ЯДВИГОЙ МИХАЙЛОВНОЙ;1 июня 78–го года
Где в настоящее время работает Майя Глумова, согласно информации из карточки?;a966ee6d2fc541e052b7817eb1dfe151;МАЛЕНЬКИЙ ИНЦИДЕНТ С ЯДВИГОЙ МИХАЙЛОВНОЙ;1 июня 78–го года
Как описывается внешность Ядвиги Михайловны Лекановой?;a966ee6d2fc541e052b7817eb1dfe151;МАЛЕНЬКИЙ ИНЦИДЕНТ С ЯДВИГОЙ МИХАЙЛОВНОЙ;1 июня 78–го года
С какой организацией связан Максим Каммерер, помимо издательства?;a966ee6d2fc541e052b7817eb1dfe151;МАЛЕНЬКИЙ ИНЦИДЕНТ С ЯДВИГОЙ МИХАЙЛОВНОЙ;1 июня 78–го года
Какой предмет записал персонаж, именуемый Львом Абалкиным, в своем канале?;852c668097ae4df064cae9085e1bc3c4;Она все еще улыбалась и...;1 июня 78–го года
В каком городе, согласно тексту, планируется полет главного героя для проведения расследования?;852c668097ae4df064cae9085e1bc3c4;Она все еще улыбалась и...;1 июня 78–го года
Какую операцию изучал главный герой по отчету Льва Абалкина?;852c668097ae4df064cae9085e1bc3c4;Она все еще улыбалась и...;1 июня 78–го года
Кто из упомянутых персонажей, по мнению Экселенца, мог быть другом Льва Абалкина, несмотря на отсутствие информации в папке?;852c668097ae4df064cae9085e1bc3c4;Она все еще улыбалась и...;1 июня 78–го года
Какую проблему испытывает Лев Абалкин с работой своего мимикридного комбинезона?;86d2a526f833b839df430e66cbbf2910;ИЗ ОТЧЕТА ЛЬВА АБАЛКИНА;1 июня 78–го года
Что, по мнению группы Рэма Желтухина, они обнаружили в зоне своей высадки, и чем это вызвало его восторг?;86d2a526f833b839df430e66cbbf2910;ИЗ ОТЧЕТА ЛЬВА АБАЛКИНА;1 июня 78–го года
Какое необычное поведение демонстрирует Щекн во время движения по проспекту, и чем это отличается от экипировки других членов группы?;86d2a526f833b839df430e66cbbf2910;ИЗ ОТЧЕТА ЛЬВА АБАЛКИНА;1 июня 78–го года
Что привлекло внимание Щекна во время движения по проспекту, и с какой точки зрения он рассматривал обнаруженных существ?;86d2a526f833b839df430e66cbbf2910;ИЗ ОТЧЕТА ЛЬВА АБАЛКИНА;1 июня 78–го года
Какое устройство, обнаруженное исследователями, напоминало кабину ионного душа и было сильно наклонено из-за взрыва?;3a4c47318cc2de8205e70443568b04a7;Мне кажется он уже...;1 июня 78–го года
Что, по словам рассказчика, регулировали кабины, похожие на найденную, в Саракше?;3a4c47318cc2de8205e70443568b04a7;Мне кажется он уже...;1 июня 78–го года
Какую планету так сильно интересовала Щекна, что он всеми способами оттягивал свой отлет?;3a4c47318cc2de8205e70443568b04a7;Мне кажется он уже...;1 июня 78–го года
В чем особенность языка народа Щекна, затрудняющая понимание его истинных намерений?;3a4c47318cc2de8205e70443568b04a7;Мне кажется он уже...;1 июня 78–го года
Какое устройство использовал главный герой, чтобы обучить Щекна?;2eb572a38dc18a52201c96179419fb9d;Впереди справа от...;1 июня 78–го года
В каком квартале герои проходили, когда встретили пестрого безумца?;2eb572a38dc18a52201c96179419fb9d;Впереди справа от...;1 июня 78–го года
Что обнаружил Рэм Желтухин на своей свалке, о чем сообщил Вандерхузе?;2eb572a38dc18a52201c96179419fb9d;Впереди справа от...;1 июня 78–го года
Какие странные привычки были у Щекна, которые терпел главный герой?;2eb572a38dc18a52201c96179419fb9d;Впереди справа от...;1 июня 78–го года
Какую позу впервые принял Щекн во время маршрута, что заставило рассказчика забеспокоиться?;375ebbfff0713baf8a3f55d180dbf2be;Я круто оборачиваюсь. Но...;1 июня 78–го года
"Какую инструкцию, связанную с обнаружением разумной жизни, впиталась в Вандерхузе ""в плоть и кровь""?";375ebbfff0713baf8a3f55d180dbf2be;Я круто оборачиваюсь. Но...;1 июня 78–го года
Что, по мнению Вандерхузе, могло быть причиной засады и отвлекающего маневра Сумасшедшего паяца?;375ebbfff0713baf8a3f55d180dbf2be;Я круто оборачиваюсь. Но...;1 июня 78–го года
Каким оружием, находящимся под клапаном комбинезона, собирался воспользоваться рассказчик для защиты?;375ebbfff0713baf8a3f55d180dbf2be;Я круто оборачиваюсь. Но...;1 июня 78–го года
Какое наказание получили герои от Вандерхузе за произошедший инцидент на перекрестке?;fdb7d564eacb4b061e08052980f0bf06;Он медленно вразвалку...;1 июня 78–го года
Что, по мнению рассказчика, заставило живность исчезнуть с улицы в двадцать втором квартале?;fdb7d564eacb4b061e08052980f0bf06;Он медленно вразвалку...;1 июня 78–го года
Какой предмет носил с собой рассказчик и как он его использовал во время столкновения со стаей?;fdb7d564eacb4b061e08052980f0bf06;Он медленно вразвалку...;1 июня 78–го года
Какое неожиданное увлечение обнаружил рассказчик у Щекна спустя четыре года их знакомства?;fdb7d564eacb4b061e08052980f0bf06;Он медленно вразвалку...;1 июня 78–го года
"Какое прозвище, помимо ""голованов"", используют южные выродки для обозначения существ, подобных Щекну?";11d6c7587b6ef6ff437c86003f8f38e1;Он замолкает и перестает...;1 июня 78–го года
Что, по словам Щекна, есть у людей, чего нет и никогда не будет у его сородичей?;11d6c7587b6ef6ff437c86003f8f38e1;Он замолкает и перестает...;1 июня 78–го года
Что обнаружил рассказчик о павильоне, расположенном напротив дома с пробоинами?;11d6c7587b6ef6ff437c86003f8f38e1;Он замолкает и перестает...;1 июня 78–го года
Какой предмет, стоящий слева за углом, привлек внимание рассказчика и его спутника, когда они вышли на площадь?;11d6c7587b6ef6ff437c86003f8f38e1;Он замолкает и перестает...;1 июня 78–го года
Что, по мнению рассказчика, выплескивают на поверхность цивилизации в эпохи глобальных катастроф?;666e6781bd8280248b00fb00523ba6c0;Я принимаюсь диктовать...;1 июня 78–го года
Какие воспоминания мучают Щека, пока он сопровождает рассказчика?;666e6781bd8280248b00fb00523ba6c0;Я принимаюсь диктовать...;1 июня 78–го года
Какой приказ отдал Комов после получения сообщения от Эспады?;666e6781bd8280248b00fb00523ba6c0;Я принимаюсь диктовать...;1 июня 78–го года
В каком месте, согласно тексту, разворачиваются события, и как оно выглядело в момент прибытия Льва Абалкина?;bd6de65e0f57cb590594083389ba8e80;МАЙЯ ГЛУМОВА ПОДРУГА ЛЬВА АБАЛКИНА;2 июня 78–го года
Какие работники, помимо туристов, выражали недовольство закрытием музея, и чем было вызвано их негодование?;bd6de65e0f57cb590594083389ba8e80;МАЙЯ ГЛУМОВА ПОДРУГА ЛЬВА АБАЛКИНА;2 июня 78–го года
Каким образом кибернетические уборщики усугубляли суету перед главным входом в Музей внеземных культур?;bd6de65e0f57cb590594083389ba8e80;МАЙЯ ГЛУМОВА ПОДРУГА ЛЬВА АБАЛКИНА;2 июня 78–го года
Где именно в Музее внеземных культур Лев Абалкин искал Майю Тойвовну, и какие особенности этого места он отметил?;bd6de65e0f57cb590594083389ba8e80;МАЙЯ ГЛУМОВА ПОДРУГА ЛЬВА АБАЛКИНА;2 июня 78–го года
Какую должность занимал Максим Каммерер в организации КОМКОН–2?;a8cdce9b9437356ead111c907b7d3447;Она глядела на меня...;2 июня 78–го года
Что, по словам рассказчика, произошло с женщиной, когда он произнес имя Льва Абалкина?;a8cdce9b9437356ead111c907b7d3447;Она глядела на меня...;2 июня 78–го года
В каком месте происходила встреча Максима Каммерера с женщиной, и что, помимо мебели, находилось в этом помещении?;a8cdce9b9437356ead111c907b7d3447;Она глядела на меня...;2 июня 78–го года
Что, согласно рассказу, делал Лев Абалкин, чтобы выразить свою любовь к своей 'вещи'?;a8cdce9b9437356ead111c907b7d3447;Она глядела на меня...;2 июня 78–го года
Какой предмет, выточенный из кости, использовал персонаж для самоповреждения?;f74e998bfd7f293d03db5f321c299359;…У него было еще много...;2 июня 78–го года
Какое место упоминается в последнем письме персонажа, откуда он отправлял послания?;f74e998bfd7f293d03db5f321c299359;…У него было еще много...;2 июня 78–го года
С кем разговаривала героиня, пока встречалась с персонажем, о котором идет речь в тексте?;f74e998bfd7f293d03db5f321c299359;…У него было еще много...;2 июня 78–го года
Какое прозвище носил старый лось, с которым у персонажа был конфликт?;f74e998bfd7f293d03db5f321c299359;…У него было еще много...;2 июня 78–го года
Какую должность занимает Максим Каммерер, согласно его собственным словам?;c656f77193bcdae501e1905a8bc240ff;МАЙЯ ГЛУМОВА И ЖУРНАЛИСТ КАММЕРЕР;2 июня 78–го года
С кем, помимо Майи Глумовой, вел беседу журналист Каммерер в рамках сбора материала о Льве Абалкине?;c656f77193bcdae501e1905a8bc240ff;МАЙЯ ГЛУМОВА И ЖУРНАЛИСТ КАММЕРЕР;2 июня 78–го года
В какой организации, упомянутой в тексте, журналист Каммерер ранее успешно проводил исследования?;c656f77193bcdae501e1905a8bc240ff;МАЙЯ ГЛУМОВА И ЖУРНАЛИСТ КАММЕРЕР;2 июня 78–го года
Что, по мнению Майи Тойвовны, могло спровоцировать появление журналиста Каммерера, помимо интереса к Льву Абалкину?;c656f77193bcdae501e1905a8bc240ff;МАЙЯ ГЛУМОВА И ЖУРНАЛИСТ КАММЕРЕР;2 июня 78–го года
Какое место отдыха выбрал для отпуска главный объект, о котором говорил журналист Каммерер?;8eca598f070e267624fefe98b2235ec6;И он таки успокоил ее...;2 июня 78–го года
Что Майя Тойвовна сообщила Каммереру относительно возможности связи с объектом?;8eca598f070e267624fefe98b2235ec6;И он таки успокоил ее...;2 июня 78–го года
Какое устройство, упомянутое в тексте, не работает, что осложняет задачу журналиста Каммерера?;8eca598f070e267624fefe98b2235ec6;И он таки успокоил ее...;2 июня 78–го года
В каком году происходит действие, описанное во фрагменте текста, и как это указано в тексте?;8eca598f070e267624fefe98b2235ec6;И он таки успокоил ее...;2 июня 78–го года
В каком году происходит действие, описанное во фрагменте, и какое место является основным местом событий – «Осинушка» или озеро Велье?;df4b3bb14ba9cb6d3ebd4acc00fb8aa7;«ОСИНУШКА». ДОКТОР ГОАННЕК;2 июня 78–го года
Каким образом доктор Гоаннек описывает нынешний сезон на курорте «Осинушка» и сколько отдыхающих прибыло сюда с начала апреля?;df4b3bb14ba9cb6d3ebd4acc00fb8aa7;«ОСИНУШКА». ДОКТОР ГОАННЕК;2 июня 78–го года
Какие предметы и гаджеты упоминаются в описании избы доктора Гоаннека, указывающие на сочетание традиционного уклада и современных технологий?;df4b3bb14ba9cb6d3ebd4acc00fb8aa7;«ОСИНУШКА». ДОКТОР ГОАННЕК;2 июня 78–го года
Как отзывается доктор Гоаннек о популярности «Осинушки» в разные периоды времени и что, по его мнению, необходимо для хорошего отдыха?;df4b3bb14ba9cb6d3ebd4acc00fb8aa7;«ОСИНУШКА». ДОКТОР ГОАННЕК;2 июня 78–го года
Какова была профессия супружеской пары, посетившей местность в середине мая, и откуда они прибыли?;e3bdefff51715e1fbb604237d625dd2a;В середине мая здесь...;2 июня 78–го года
Что доктор Гоаннек мог поручиться своей бессонницей, пытаясь выяснить, как в «Осинушку» попал странный юноша?;e3bdefff51715e1fbb604237d625dd2a;В середине мая здесь...;2 июня 78–го года
Какое состояние здоровья испытывал юноша, обратившийся за помощью к доктору Гоаннеку, и как это повлияло на его самочувствие после обследования?;e3bdefff51715e1fbb604237d625dd2a;В середине мая здесь...;2 июня 78–го года
Какую роль в терапии, по мнению доктора Гоаннека, играют гости, прибывшие на глайдере, и на примере скольких случаев он это подтвердил?;e3bdefff51715e1fbb604237d625dd2a;В середине мая здесь...;2 июня 78–го года
Какое замечание, касающееся артиста, сделал турист Каммерер, вызвав негативную реакцию?;3b0330127dd786e6862bf8f9df22630c;Турист Каммерер бывший...;2 июня 78–го года
На каком транспорте покинул курорт артист, предчувствуя приезд туриста Каммерера?;3b0330127dd786e6862bf8f9df22630c;Турист Каммерер бывший...;2 июня 78–го года
Какой номер был у избы, в которой проживал неврастеник, и где она располагалась?;3b0330127dd786e6862bf8f9df22630c;Турист Каммерер бывший...;2 июня 78–го года
Куда доктор Гоаннек посоветовал направиться туристу Каммереру, а сам куда отправился после чая?;3b0330127dd786e6862bf8f9df22630c;Турист Каммерер бывший...;2 июня 78–го года
"Какое учреждение, согласно тексту, рассматривалось Львом Абалкиным как возможное место для обращения за медицинской помощью, помимо ""Осинушки""?";0d94bba4958760f3434ed657b14b3c4f;В ИЗБЕ НОМЕР ШЕСТЬ;2 июня 78–го года
Что, по мнению рассказчика, могло послужить причиной попадания Льва Абалкина в ИЗБЕ НОМЕР ШЕСТЬ?;0d94bba4958760f3434ed657b14b3c4f;В ИЗБЕ НОМЕР ШЕСТЬ;2 июня 78–го года
Какой предмет, найденный в гостиной Льва Абалкина, привлек внимание рассказчика из-за его необычного состояния и расположения?;0d94bba4958760f3434ed657b14b3c4f;В ИЗБЕ НОМЕР ШЕСТЬ;2 июня 78–го года
В связи с гибелью Тристана, что предположил рассказчик относительно людей, виновных в сложившейся ситуации с Львом Абалкиным?;0d94bba4958760f3434ed657b14b3c4f;В ИЗБЕ НОМЕР ШЕСТЬ;2 июня 78–го года
Какой предмет, найденный под столом, напомнил рассказчик историю Акутагавы?;6a638ed5b8d05029b585d5eba01c3f74;Все еще на корточках я...;2 июня 78–го года
На рисунках, обнаруженных в гостиной, были изображены строения, напоминающие архитектуру каких учебных заведений?;6a638ed5b8d05029b585d5eba01c3f74;Все еще на корточках я...;2 июня 78–го года
Какое выражение лица Майи Глумовой особенно поразило рассказчика на одном из портретов?;6a638ed5b8d05029b585d5eba01c3f74;Все еще на корточках я...;2 июня 78–го года
Кого из персонажей высмеял автор в своем рисунке, выполненном мастерски?;6a638ed5b8d05029b585d5eba01c3f74;Все еще на корточках я...;2 июня 78–го года
Какую организацию представлял себя рассказчик, предлагая Экселенцу новую легенду для встречи с Глумовой?;adc880b67c79da4455fb1cc04ea1ae52;НЕОЖИДАННАЯ РЕАКЦИЯ ЭКСЕЛЕНЦА;2 июня 78–го года
Что, по мнению рассказчика, могло быть причиной встречи Льва Абалкина с Глумовой, если судить по его разговору с Экселенцем?;adc880b67c79da4455fb1cc04ea1ae52;НЕОЖИДАННАЯ РЕАКЦИЯ ЭКСЕЛЕНЦА;2 июня 78–го года
В каком учреждении, согласно тексту, работает Глумова?;adc880b67c79da4455fb1cc04ea1ae52;НЕОЖИДАННАЯ РЕАКЦИЯ ЭКСЕЛЕНЦА;2 июня 78–го года
Что Экселенц заметил в поведении рассказчика, задав вопрос о его визите в музей?;adc880b67c79da4455fb1cc04ea1ae52;НЕОЖИДАННАЯ РЕАКЦИЯ ЭКСЕЛЕНЦА;2 июня 78–го года
Какую реакцию вызвал у экспертов отказ биооптических преобразователей, и как на это отреагировал Лев Абалкин?;33b2ce5e61867888b75545a8108a5a29;ИЗ ОТЧЕТА ЛЬВА АБАЛКИНА;2 июня 78–го года
Что потребовал Щекн, прежде чем продолжить движение, и чем это вызвало недовольство экспертов?;33b2ce5e61867888b75545a8108a5a29;ИЗ ОТЧЕТА ЛЬВА АБАЛКИНА;2 июня 78–го года
Какие виды транспортных средств встретили Лев Абалкин и Щекн посреди улицы, и в каком состоянии они находились?;33b2ce5e61867888b75545a8108a5a29;ИЗ ОТЧЕТА ЛЬВА АБАЛКИНА;2 июня 78–го года
Какое прозвище дал Лев Абалкин Щекну, основываясь на его поведении, и какое замечание он сделал о всех головах?;33b2ce5e61867888b75545a8108a5a29;ИЗ ОТЧЕТА ЛЬВА АБАЛКИНА;2 июня 78–го года
Какое транспортное средство, помимо легковых автомобилей и фургонов, упоминается в тексте как часть эвакуационного пути?;5327bee480138d21023d54428e63e39a;Где–то на краю сознания...;2 июня 78–го года
Что, по мнению Штаба, отличает произошедшую катастрофу от обычных причин гибели цивилизаций, таких как войны или эвакуация в Космос?;5327bee480138d21023d54428e63e39a;Где–то на краю сознания...;2 июня 78–го года
Каким образом Щекн реагирует на обнаружение следов эвакуации, и что он делает, чтобы выразить свое недовольство?;5327bee480138d21023d54428e63e39a;Где–то на краю сознания...;2 июня 78–го года
Какой предмет, найденный под слоем влажной массы на площади, вызывает у рассказчика ощущение, что здесь проходило большое количество людей?;5327bee480138d21023d54428e63e39a;Где–то на краю сознания...;2 июня 78–го года
Какое устройство использовал рассказчик для освещения площади, где Щекн испытал приступ страха?;796dd5df51e63a288e50e48f42a62747;Я включаю прожектор....;2 июня 78–го года
Что, по словам Щекна, отличает прямоугольник асфальта от остальной площади, и почему он так напуган?;796dd5df51e63a288e50e48f42a62747;Я включаю прожектор....;2 июня 78–го года
Какие меры были предприняты Комовым после получения донесения о странном поведении Щекна и отсутствии дна в предполагаемой яме?;796dd5df51e63a288e50e48f42a62747;Я включаю прожектор....;2 июня 78–го года
"Какие ощущения испытал Щекн во время ""сквозняка"", и как он описал источник опасности?";796dd5df51e63a288e50e48f42a62747;Я включаю прожектор....;2 июня 78–го года
Какое устройство пытался развернуть Щекн на проспекте перед тем, как его сбило ураганом?;77509e6bf090a8fc391fc414f466ebd4;И в третий раз короткий...;2 июня 78–го года
Кто, по мнению Комова, был источником хихиканья в эфире во время обсуждения ситуации со Щекном?;77509e6bf090a8fc391fc414f466ebd4;И в третий раз короткий...;2 июня 78–го года
Что, согласно описанию, держал на коленях Главный Гаттаух, когда его описывала Эспада?;77509e6bf090a8fc391fc414f466ebd4;И в третий раз короткий...;2 июня 78–го года
"Каким образом Щекн реагировал на обнаружение ""стакана"" в сквере, демонстрируя свое отношение к ""не интересным его народу"" предметам?";77509e6bf090a8fc391fc414f466ebd4;И в третий раз короткий...;2 июня 78–го года
Какое устройство использовала героиня в начале фрагмента, поворачиваясь на каблуках, и в каком режиме оно было настроено?;d5485e736dc056c249d658099b2b1e42;Я круто поворачиваюсь на...;2 июня 78–го года
"Что, по предположению Штаба, представляет собой ""прямоугольник Щекна""?";d5485e736dc056c249d658099b2b1e42;Я круто поворачиваюсь на...;2 июня 78–го года
После какого инцидента Щекн впервые заговорил о посторонних вещах, и о чем именно он начал говорить?;d5485e736dc056c249d658099b2b1e42;Я круто поворачиваюсь на...;2 июня 78–го года
Как описывается внешний вид человека, которого обнаружил Щекн у перекрестка?;d5485e736dc056c249d658099b2b1e42;Я круто поворачиваюсь на...;2 июня 78–го года
"Сколько банок с яркими этикетками старик перекладывал с витрины на свою ""коляску""?";29acb43934a00e908558c8807fb4049a;Он грузит тележку на...;2 июня 78–го года
Что, по словам Щекна, было вокруг старика, когда тот разгружал банки у витрины?;29acb43934a00e908558c8807fb4049a;Он грузит тележку на...;2 июня 78–го года
Какой предмет, помимо полевой аппаратуры, Лев вколол старику, чтобы попытаться его оживить?;29acb43934a00e908558c8807fb4049a;Он грузит тележку на...;2 июня 78–го года
Где Лев и Щекн устроили привал, чтобы отдохнуть и поесть, после того как обнаружили мертвого старика?;29acb43934a00e908558c8807fb4049a;Он грузит тележку на...;2 июня 78–го года
Какое устройство активировал Лев, чтобы попытаться установить контакт с аборигеном?;f4d9df1db2a10fb0b5ea01af6fa67f67;Я принимаю решение...;2 июня 78–го года
Что, по мнению Щекна, является бесполезным занятием для Льва и его команды?;f4d9df1db2a10fb0b5ea01af6fa67f67;Я принимаю решение...;2 июня 78–го года
Как абориген отреагировал на предложение Льва угостить его едой?;f4d9df1db2a10fb0b5ea01af6fa67f67;Я принимаю решение...;2 июня 78–го года
В какой категории, судя по описанию, находится абориген, встреченный Львом и Щекном?;f4d9df1db2a10fb0b5ea01af6fa67f67;Я принимаю решение...;2 июня 78–го года
Какую папку прятал Лев Абалкин, когда в его кабинет пришли Андрей и Сандро?;cabfe8458526500ef268817766a8af9a;ЛЕВ АБАЛКИН ВООЧИЮ;2 июня 78–го года
"Что предлагал Андрей в качестве занятия на вечер, помимо посещения ""Октопусов""?";cabfe8458526500ef268817766a8af9a;ЛЕВ АБАЛКИН ВООЧИЮ;2 июня 78–го года
"Какой предмет, по мнению Алены, следовало отправить ""в реку""?";cabfe8458526500ef268817766a8af9a;ЛЕВ АБАЛКИН ВООЧИЮ;2 июня 78–го года
Какое псевдоним использовал журналист Каммерер во время работы на планете Саракш?;cabfe8458526500ef268817766a8af9a;ЛЕВ АБАЛКИН ВООЧИЮ;2 июня 78–го года
Какое событие, по словам журналиста Каммерера, происходило у него в то время, когда Лев Абалкин и Комов организовывали экспедиции?;fe2bbb550dcde49d30658303882159c6;Какое–то время он молча...;2 июня 78–го года
С кем, по утверждению Льва Абалкина, координация работы осуществлялась в период подготовки экспедиций, помимо Комова и Раулингсона?;fe2bbb550dcde49d30658303882159c6;Какое–то время он молча...;2 июня 78–го года
В каком месте запланирована следующая встреча Льва Абалкина и журналиста Каммерера?;fe2bbb550dcde49d30658303882159c6;Какое–то время он молча...;2 июня 78–го года
Какую идею, по мнению Льва Абалкина, предложил журналист Каммерер в период подготовки экспедиций?;fe2bbb550dcde49d30658303882159c6;Какое–то время он молча...;2 июня 78–го года
Какую информацию, по мнению рассказчика, могла сообщить Майя Глумова о его номере телефона Льву Абалкину?;4209ab2fe4b3ce34b4b7ef5e393ed623;КОЕ–КАКИЕ ДОГАДКИ О НАМЕРЕНИЯХ ЛЬВА АБАЛКИНА;2 июня 78–го года
В какой организации, согласно тексту, работает рассказчик, и какое задание он выполнял в момент звонка Льва Абалкина?;4209ab2fe4b3ce34b4b7ef5e393ed623;КОЕ–КАКИЕ ДОГАДКИ О НАМЕРЕНИЯХ ЛЬВА АБАЛКИНА;2 июня 78–го года
Какое предположение выдвигает рассказчик относительно цели звонка Льва Абалкина, связанное с его первой работой и возможными сентиментальными побуждениями?;4209ab2fe4b3ce34b4b7ef5e393ed623;КОЕ–КАКИЕ ДОГАДКИ О НАМЕРЕНИЯХ ЛЬВА АБАЛКИНА;2 июня 78–го года
Что именно Лев Абалкин сообщил рассказчику относительно его роли в современной науке о голованах, и кто еще был упомянут в связи с этим?;4209ab2fe4b3ce34b4b7ef5e393ed623;КОЕ–КАКИЕ ДОГАДКИ О НАМЕРЕНИЯХ ЛЬВА АБАЛКИНА;2 июня 78–го года
Какую информацию, согласно рассказу учителя или Майи Глумовой, получил Лев Абалкин о Максиме Каммерере?;f6228de56534a7e06fbbdbfe1bf4ffed;Конечно напрашивается...;2 июня 78–го года
Какую роль сыграли голованы в биографии Льва Абалкина, как это описано в тексте?;f6228de56534a7e06fbbdbfe1bf4ffed;Конечно напрашивается...;2 июня 78–го года
С кем журналист Каммерер обменивался десятком ничего не значащих фраз, планируя назначить свидание?;f6228de56534a7e06fbbdbfe1bf4ffed;Конечно напрашивается...;2 июня 78–го года
Что Сергей Павлович Федосеев сообщил журналисту Каммерере относительно Льва Абалкина?;f6228de56534a7e06fbbdbfe1bf4ffed;Конечно напрашивается...;2 июня 78–го года
Какую книгу планировал написать журналист Каммерер, обратившись за материалами к Сергею Павловичу?;3f69ae722a2432c03a4c58f88429c02b;Старик насторожился....;2 июня 78–го года
В какой организации было назначено заседание, куда направлялся С. П. Федосеев на глайдере?;3f69ae722a2432c03a4c58f88429c02b;Старик насторожился....;2 июня 78–го года
В каком месте произошла вынужденная посадка глайдера Сергея Павловича, после которой состоялся разговор с Львом Абалкиным?;3f69ae722a2432c03a4c58f88429c02b;Старик насторожился....;2 июня 78–го года
На что Лев Абалкин обрушился с саркастическими благодарностями, едва поздоровавшись с Сергеем Павловичем?;3f69ae722a2432c03a4c58f88429c02b;Старик насторожился....;2 июня 78–го года
Какое учреждение, согласно рассказу, рассматривало кандидатуру Льва Абалкина?;3aaffe388918cb9253709e31c6b2ec98;Потрясенный старик за...;2 июня 78–го года
Что, по мнению С. П. Федосеева, произошло в Евразийском секторе?;3aaffe388918cb9253709e31c6b2ec98;Потрясенный старик за...;2 июня 78–го года
Какой предмет бросился к своему владельцу после поцелуя руки С. П. Федосеева?;3aaffe388918cb9253709e31c6b2ec98;Потрясенный старик за...;2 июня 78–го года
Каким образом Лев Абалкин установил контакт с Экселенцем?;49d338a7e8c69c05f76a31279421b5ba;КОРОТКИЙ РАЗГОВОР;2 июня 78–го года
Какие имена, помимо Льва Абалкина, были упомянуты как возможные контакты, которых следует ожидать?;49d338a7e8c69c05f76a31279421b5ba;КОРОТКИЙ РАЗГОВОР;2 июня 78–го года
Что Экселенц делал, когда к нему обратился рассказчик, и какой предмет он использовал?;49d338a7e8c69c05f76a31279421b5ba;КОРОТКИЙ РАЗГОВОР;2 июня 78–го года
Какую задачу отменил Экселенц, и какую новую задачу он поставил перед рассказчиком относительно Льва Абалкина?;49d338a7e8c69c05f76a31279421b5ba;КОРОТКИЙ РАЗГОВОР;2 июня 78–го года
Какую должность занимал Валерий Маркович Серафимович, помимо того, что он был доктором педагогики?;0fdc25ab1cb4d937cb6afaa163147110;КОЕ–ЧТО О ТАЙНАХ;2 июня 78–го года
В каком месте, согласно тексту, располагается миссия народа голованов, и какой водоем находится поблизости?;0fdc25ab1cb4d937cb6afaa163147110;КОЕ–ЧТО О ТАЙНАХ;2 июня 78–го года
Какой вид транспорта предпочитают голованы, игнорируя другие средства передвижения?;0fdc25ab1cb4d937cb6afaa163147110;КОЕ–ЧТО О ТАЙНАХ;2 июня 78–го года
Какое полное имя носил головане, о котором главный герой начал сбор информации в первую очередь, и с какого года он являлся членом миссии на Земле?;0fdc25ab1cb4d937cb6afaa163147110;КОЕ–ЧТО О ТАЙНАХ;2 июня 78–го года
Какое событие, согласно тексту, связано с трагической гибелью родителей Корнея Яшмаа?;3c468eade4a137ec37454397f4bc2256;Различие с Львом...;2 июня 78–го года
В какой папке, как упоминается в тексте, главный герой искал подтверждение своим воспоминаниям?;3c468eade4a137ec37454397f4bc2256;Различие с Львом...;2 июня 78–го года
"Какой код доступа необходимо было ввести для получения информации об эксперименте ""Зеркало"" в БВИ?";3c468eade4a137ec37454397f4bc2256;Различие с Львом...;2 июня 78–го года
"Что, по мнению главного героя, могло быть причиной отказа БВИ предоставить информацию об эксперименте ""Зеркало""?";3c468eade4a137ec37454397f4bc2256;Различие с Львом...;2 июня 78–го года
Какую точку зрения разделяет большинство работников КОМКОНа-2?;339b3bb60236dad1aa1a4a5ef943d6c8;Ну что ж Экселенц сделал...;2 июня 78–го года
Как предпочитает рассказчик называть процесс получения информации о секретах, вместо общепринятого термина «раскрыть тайну»?;339b3bb60236dad1aa1a4a5ef943d6c8;Ну что ж Экселенц сделал...;2 июня 78–го года
В каком году происходит действие описываемого события, согласно дате, упомянутой в начале текста?;339b3bb60236dad1aa1a4a5ef943d6c8;Ну что ж Экселенц сделал...;2 июня 78–го года
Какое светило вызывает необъяснимое отвращение у Щекна?;fb59037b3f99db305446aaba4a5ec208;ИЗ ОТЧЕТА ЛЬВА АБАЛКИНА;2 июня 78–го года
Что болтается на широкой лямке через плечо у старшего мальчика, и как это влияет на его передвижение?;fb59037b3f99db305446aaba4a5ec208;ИЗ ОТЧЕТА ЛЬВА АБАЛКИНА;2 июня 78–го года
Какие слова, согласно отчёту Льва Абалкина, транслирует транслятор во время конфликта между братьями?;fb59037b3f99db305446aaba4a5ec208;ИЗ ОТЧЕТА ЛЬВА АБАЛКИНА;2 июня 78–го года
Что позволилось младшему мальчику сделать с Щекном после употребления шоколада и тонизатора?;fb59037b3f99db305446aaba4a5ec208;ИЗ ОТЧЕТА ЛЬВА АБАЛКИНА;2 июня 78–го года
Какое название носит объект, к которому направляются Иядрудан и Притулатан, и как он описан в тексте?;67e5c932f11fb9d463f32e74dcec1cd2;Мальчики братья...;2 июня 78–го года
Что, согласно рассказу Иядрудана, отец заставлял брать с собой мальчикам, если он не возвращался до вечера, и куда им следовало идти?;67e5c932f11fb9d463f32e74dcec1cd2;Мальчики братья...;2 июня 78–го года
В доме братьев было пятьсот семь комнат. Что, по мнению рассказчика, находилось в этих комнатах?;67e5c932f11fb9d463f32e74dcec1cd2;Мальчики братья...;2 июня 78–го года
Как Щекн реагирует на происходящие события и что можно сказать о его отношении к цели путешествия мальчиков?;67e5c932f11fb9d463f32e74dcec1cd2;Мальчики братья...;2 июня 78–го года
Какое здание, по словам Щекна, необходимо было погасить свет и расстрелять из пушки?;8534ada32739bdf3caa173ed35f55f30;У ближайшего угла вдруг...;2 июня 78–го года
Что, по мнению рассказчика, раскачивалось у аборигена в такт шагам, словно маятник?;8534ada32739bdf3caa173ed35f55f30;У ближайшего угла вдруг...;2 июня 78–го года
Какое устройство использовал рассказчик для измерения расстояния до ракопаука?;8534ada32739bdf3caa173ed35f55f30;У ближайшего угла вдруг...;2 июня 78–го года
Во что были одеты двое мужчин, преградивших дорогу рассказчику и Щекну в переулке?;8534ada32739bdf3caa173ed35f55f30;У ближайшего угла вдруг...;2 июня 78–го года
Каким предметом старик похлопывал себя по голенищу высокого сапога?;e5ad0217d4203b010c85e30082ab087e;Я перехожу на шаг и с...;2 июня 78–го года
Что, по словам Иядрудана, объяснял главный герой старику?;e5ad0217d4203b010c85e30082ab087e;Я перехожу на шаг и с...;2 июня 78–го года
Какой предмет главного героя вызвал у старика особенный интерес и воспоминания о прошлом?;e5ad0217d4203b010c85e30082ab087e;Я перехожу на шаг и с...;2 июня 78–го года
В какой комнате оказались главный герой и старик после разговора на площади?;e5ad0217d4203b010c85e30082ab087e;Я перехожу на шаг и с...;2 июня 78–го года
Какое звание носит старик, представившийся переговорщику, и что, по его словам, означает это звание?;24b5c54aa6a832a62c8fbf1898936f7a;Мне предлагается сесть на...;2 июня 78–го года
Что находится во фляге, предложенной переговорщику, и как Щекн отреагировал на предложенное угощение в банке?;24b5c54aa6a832a62c8fbf1898936f7a;Мне предлагается сесть на...;2 июня 78–го года
Какова общая численность населения области, под управлением гаттауха, и где расположена лаборатория, о которой упоминается в тексте?;24b5c54aa6a832a62c8fbf1898936f7a;Мне предлагается сесть на...;2 июня 78–го года
Что старик спрашивает у переговорщика, когда тот заявляет о незнании обстоятельств, и что он имеет в виду под этими вопросами?;24b5c54aa6a832a62c8fbf1898936f7a;Мне предлагается сесть на...;2 июня 78–го года
Каким образом раса нелюдей начала нашествие на местное человечество, согласно рассказу Драудан?;17fda850fa82f56b0d846c706450e75b;Оказывается во всем...;2 июня 78–го года
Какие меры принимали люди, чтобы защитить детей от «нехороших людей» и других охотников, упомянутых в описании?;17fda850fa82f56b0d846c706450e75b;Оказывается во всем...;2 июня 78–го года
Что предложили правительствам нелюди после пандемии, и к чему это привело?;17fda850fa82f56b0d846c706450e75b;Оказывается во всем...;2 июня 78–го года
Какое условие выдвинул старик Драудан в обмен на сотрудничество с теми, кто его слушал?;17fda850fa82f56b0d846c706450e75b;Оказывается во всем...;2 июня 78–го года
Что за предмет, по словам Щекна, помог персонажу стать почти невидимым?;3bab969a9d0a313070932893b5177590;И тут лицо его вдруг...;2 июня 78–го года
Какое оружие держал старик, когда угрожал персонажу?;3bab969a9d0a313070932893b5177590;И тут лицо его вдруг...;2 июня 78–го года
В каком месте, по мнению старика, не могли научиться делать одежду-невидимку?;3bab969a9d0a313070932893b5177590;И тут лицо его вдруг...;2 июня 78–го года
Какую команду отдал старик стражу в отношении Щекна?;3bab969a9d0a313070932893b5177590;И тут лицо его вдруг...;2 июня 78–го года
Какую кодовую фразу использовал Экселенц, давая задание найти Майю Глумову?;bd096e20be8817db8dff09ad10881381;СНОВА МАЙЯ ГЛУМОВА;3 июня 78–го года
Какой предмет, по словам Экселенца, должен был быть надет для контроля?;bd096e20be8817db8dff09ad10881381;СНОВА МАЙЯ ГЛУМОВА;3 июня 78–го года
В связи с чем КОМКОН разыскивает Прогрессора Абалкина?;bd096e20be8817db8dff09ad10881381;СНОВА МАЙЯ ГЛУМОВА;3 июня 78–го года
Кто, согласно тексту, мог спать до восьми часов утра?;bd096e20be8817db8dff09ad10881381;СНОВА МАЙЯ ГЛУМОВА;3 июня 78–го года
Какое отношение имеет Прогрессоров к музею, в частности к Саракшу?;0f89735c37314b188e86b0ae330221a7;Я сходил на кухню выпил...;3 июня 78–го года
Гриша Серосовин, по прозвищу Водолей, из какой подгруппы отдела работает в Музее внеземных культур и чем он занимается?;0f89735c37314b188e86b0ae330221a7;Я сходил на кухню выпил...;3 июня 78–го года
Что привлекло внимание рассказчика в образе Майи Тойвовны во время видеозвонка, несмотря на ее усталый вид?;0f89735c37314b188e86b0ae330221a7;Я сходил на кухню выпил...;3 июня 78–го года
Какую информацию Каммерер хотел уточнить у Глумовой относительно встречи со Львом Абалкиным в «Осинушке»?;0f89735c37314b188e86b0ae330221a7;Я сходил на кухню выпил...;3 июня 78–го года
Каким образом Майя Тойвовна связалась с местом встречи, используя транспортное средство под названием глайдер?;11d5913455f4def1777a1223c0d258dd;Теперь она смотрела на...;3 июня 78–го года
Что за предмет держала на коленях Майя Тойвовна во время ожидания, когда к ней пришел незнакомец?;11d5913455f4def1777a1223c0d258dd;Теперь она смотрела на...;3 июня 78–го года
В каком месте, согласно рассказу, находится планета Саракш, где работал разыскиваемый?;11d5913455f4def1777a1223c0d258dd;Теперь она смотрела на...;3 июня 78–го года
Какую легенду, номер два, изложил незнакомец Майе Тойвовне, чтобы объяснить свои мотивы и действия?;11d5913455f4def1777a1223c0d258dd;Теперь она смотрела на...;3 июня 78–го года
Какую реакцию Майя Тойвовна проявила, когда ее расспрашивал Абалкин о событиях, связанных с Рексом и Вольфом?;6c366051967ad967f2c8c16a67dc7fce;Я поднялся сходил на...;3 июня 78–го года
Что, по мнению рассказчика, Абалкин не намеревался делать с Глумовой, основываясь на ответах Экселенца?;6c366051967ad967f2c8c16a67dc7fce;Я поднялся сходил на...;3 июня 78–го года
Что за предмет, упомянутый в тексте, мог быть использован против рассказчика, если бы Майя Тойвовна разозлилась?;6c366051967ad967f2c8c16a67dc7fce;Я поднялся сходил на...;3 июня 78–го года
Какую организацию, согласно тексту, представлял штабной офицер, чьи привычки могли быть связаны с отчаянием Майи Тойвовны?;6c366051967ad967f2c8c16a67dc7fce;Я поднялся сходил на...;3 июня 78–го года
В каком месте, согласно тексту, доктор Гоаннек занимался рыбной ловлей?;fcd140aa0f1807db0c3dda0cac0cbdcb;КОЕ–ЧТО О ВПЕЧАТЛЕНИЯХ ЭКСЕЛЕНЦА;3 июня 78–го года
Какой предмет, помимо видеофона, пришлось вынести на крыльцо, чтобы разговор с Экселенцем не был прерван?;fcd140aa0f1807db0c3dda0cac0cbdcb;КОЕ–ЧТО О ВПЕЧАТЛЕНИЯХ ЭКСЕЛЕНЦА;3 июня 78–го года
Какую операцию, в которой участвовали Абалкин и Щекн-Итрч, упоминает рассказчик?;fcd140aa0f1807db0c3dda0cac0cbdcb;КОЕ–ЧТО О ВПЕЧАТЛЕНИЯХ ЭКСЕЛЕНЦА;3 июня 78–го года
"Что, по мнению Экселенца, означает выражение ""бросать камни по кустам""?";fcd140aa0f1807db0c3dda0cac0cbdcb;КОЕ–ЧТО О ВПЕЧАТЛЕНИЯХ ЭКСЕЛЕНЦА;3 июня 78–го года
Какую задачу Экселенц поручил рассказчику, несмотря на его необходимость оставаться рядом?;74a40a0ec533e682c75e180db4dc7427;Теперь мы молчали оба. На...;3 июня 78–го года
Где, по словам Экселенца, находится Яшмаа в настоящее время?;74a40a0ec533e682c75e180db4dc7427;Теперь мы молчали оба. На...;3 июня 78–го года
В каком месте, согласно тексту, рассказчик вышел под ночной дождь?;74a40a0ec533e682c75e180db4dc7427;Теперь мы молчали оба. На...;3 июня 78–го года
Какое совпадение отметил рассказчик, упомянув имена Абалкина и Яшмаа?;74a40a0ec533e682c75e180db4dc7427;Теперь мы молчали оба. На...;3 июня 78–го года
Какое табло светилось на линкосе над металлическим мостом у ЗАСТАВЫ НА РЕКЕ ТЕЛОН?;0087f722e0d74a421f48d1b567c2955b;ЗАСТАВА НА РЕКЕ ТЕЛОН;3 июня 78–го года
Какой предмет одежды был надет на юнце, похожего на Александра Блока, в здании казарменно-казематного вида?;0087f722e0d74a421f48d1b567c2955b;ЗАСТАВА НА РЕКЕ ТЕЛОН;3 июня 78–го года
Какой гаджет использовал Александр Б. для зачитывания текста журналисту Каммереру?;0087f722e0d74a421f48d1b567c2955b;ЗАСТАВА НА РЕКЕ ТЕЛОН;3 июня 78–го года
Какую территорию представляет миссия народа голованов, согласно заявлению Александра Б.?;0087f722e0d74a421f48d1b567c2955b;ЗАСТАВА НА РЕКЕ ТЕЛОН;3 июня 78–го года
Какую должность занимает Александр Б. в организации КОМКОН?;793b8a56ee796f6ac7e7ac28cfa4b5f9;Александр Б. даже...;3 июня 78–го года
С кем журналист Каммерер хотел поговорить, и какое имя Льва упомянул в разговоре?;793b8a56ee796f6ac7e7ac28cfa4b5f9;Александр Б. даже...;3 июня 78–го года
Какие особенности образа жизни голованов описал Александр Б.?;793b8a56ee796f6ac7e7ac28cfa4b5f9;Александр Б. даже...;3 июня 78–го года
Какой предмет использовал Александр Б. для связи с переводчиком Щекн–Итрч?;793b8a56ee796f6ac7e7ac28cfa4b5f9;Александр Б. даже...;3 июня 78–го года
Каким образом Щекн обнаружил присутствие журналиста, и как долго он наблюдал за ним, согласно описанию начала встречи?;2daa907fa8ccd35039c29338df6a76da;ЩЕКН–ИТРЧ ГОЛОВАН;3 июня 78–го года
Что привлекло внимание журналиста в запахе, исходящем от голована Щекна, и чем этот запах отличался от запахов других представителей его народа на Саракше?;2daa907fa8ccd35039c29338df6a76da;ЩЕКН–ИТРЧ ГОЛОВАН;3 июня 78–го года
Какую информацию журналист Каммерер и рассказчик пытались получить о Льве Абалкине, задавая вопросы о его отношении к народу голованов?;2daa907fa8ccd35039c29338df6a76da;ЩЕКН–ИТРЧ ГОЛОВАН;3 июня 78–го года
Какое значение имел вопрос журналиста о разнице в работе с Львом Абалкиным и другими землянами, и как отреагировал на него Щекн?;2daa907fa8ccd35039c29338df6a76da;ЩЕКН–ИТРЧ ГОЛОВАН;3 июня 78–го года
Какую тему обсуждали споры между Щекном и другим участником контакта, касающуюся народа голованов?;a4241669cd1f87ffcbc5a566e4a68bd4;Глаза его опять озарились...;3 июня 78–го года
Что заявил Щекн, когда его спросили о текущем местонахождении Льва Абалкина?;a4241669cd1f87ffcbc5a566e4a68bd4;Глаза его опять озарились...;3 июня 78–го года
Какое условие, касающееся Льва Абалкина, повторил Щекн несколько раз в разговоре?;a4241669cd1f87ffcbc5a566e4a68bd4;Глаза его опять озарились...;3 июня 78–го года
Что спросил Щекн у рассказчика, вопрос, который оказался идентичным вопросу, заданному ему самим?;a4241669cd1f87ffcbc5a566e4a68bd4;Глаза его опять озарились...;3 июня 78–го года
Какую информацию, полученную от Мак, Экселенц назвал важной и выразил удовлетворение?;5fd51564ffe9288efc43372b6c64c2cf;ЭКСЕЛЕНЦ ДОВОЛЕН;3 июня 78–го года
В каком месте, согласно рассказу Мак, был взят Тихоня Прешт, и в каком состоянии он находился после задержания?;5fd51564ffe9288efc43372b6c64c2cf;ЭКСЕЛЕНЦ ДОВОЛЕН;3 июня 78–го года
Что, по мнению Экселенца, делает Льва Абалкина особенно опасным?;5fd51564ffe9288efc43372b6c64c2cf;ЭКСЕЛЕНЦ ДОВОЛЕН;3 июня 78–го года
До какого времени Мак свободен от работы, и какое задание он получит после этого времени, согласно указаниям Экселенца?;5fd51564ffe9288efc43372b6c64c2cf;ЭКСЕЛЕНЦ ДОВОЛЕН;3 июня 78–го года
Какое устройство пискнуло на запястье у рассказчика в 01.08, оповещая о вызове от Экселенца?;980a82f99dd7599c2d7afeb213dff2da;МУЗЕЙ ВНЕЗЕМНЫХ КУЛЬТУР. НОЧЬ;4 июня 78–го года
Глайдер Мак совершил посадку на площади, несмотря на предупреждение какого устройства?;980a82f99dd7599c2d7afeb213dff2da;МУЗЕЙ ВНЕЗЕМНЫХ КУЛЬТУР. НОЧЬ;4 июня 78–го года
В какой мастерской оказались Мак и Экселенц, после проникновения в МУЗЕЙ ВНЕЗЕМНЫХ КУЛЬТУР?;980a82f99dd7599c2d7afeb213dff2da;МУЗЕЙ ВНЕЗЕМНЫХ КУЛЬТУР. НОЧЬ;4 июня 78–го года
Какой предмет Экселенц спрятал под шалью, ожидая появления Льва Абалкина?;980a82f99dd7599c2d7afeb213dff2da;МУЗЕЙ ВНЕЗЕМНЫХ КУЛЬТУР. НОЧЬ;4 июня 78–го года
Что, по словам рассказчика, давеча старательно обрабатывали местные девчушки с помощью молекулярных паяльников?;7de34c0280353cff752428aafb1a7f10;Тут я услышал шум. Надо...;4 июня 78–го года
Какое оружие Экселенц засовывал за пазуху черной куртки, освобождая руки для возможного хватания и встряхивания?;7de34c0280353cff752428aafb1a7f10;Тут я услышал шум. Надо...;4 июня 78–го года
Какой предмет держал в руке лже-Абалкин, войдя в мастерскую?;7de34c0280353cff752428aafb1a7f10;Тут я услышал шум. Надо...;4 июня 78–го года
С каким известным персонажем, по мнению рассказчика, был похож старый человек, вошедший в мастерскую?;7de34c0280353cff752428aafb1a7f10;Тут я услышал шум. Надо...;4 июня 78–го года
Какое выражение, непривычное для него, заметил рассказчик на лице Экселенца во время наблюдения за происходящим?;8c6d6b62aeb2650e14487f704dc02946;Экселенц следил за всеми...;4 июня 78–го года
Что искал старик Бромберг в дальней секции, согласно вопросу Экселенца?;8c6d6b62aeb2650e14487f704dc02946;Экселенц следил за всеми...;4 июня 78–го года
Какой предмет старикан Бромберг лихорадочно шарил лучом вокруг себя, пытаясь определить местонахождение постороннего?;8c6d6b62aeb2650e14487f704dc02946;Экселенц следил за всеми...;4 июня 78–го года
Что потребовал Экселенц от Бромберга, когда тот отказался убрать фонарь, и чем это обернулось?;8c6d6b62aeb2650e14487f704dc02946;Экселенц следил за всеми...;4 июня 78–го года
Какую должность занимает Айзек Бромберг в музее, согласно его заявлению?;65cc0a0114f4ed908ab6ea0457ec68af;АЙЗЕК БРОМБЕРГ. БИТВА ЖЕЛЕЗНЫХ СТАРЦЕВ;4 июня 78–го года
Кто такой Грант Хочикян и какое отношение он имеет к Айзеку Бромбергу?;65cc0a0114f4ed908ab6ea0457ec68af;АЙЗЕК БРОМБЕРГ. БИТВА ЖЕЛЕЗНЫХ СТАРЦЕВ;4 июня 78–го года
Что, по словам Бромберга, произошло с электричеством в здании, и какой предмет помог ему в сложившейся ситуации?;65cc0a0114f4ed908ab6ea0457ec68af;АЙЗЕК БРОМБЕРГ. БИТВА ЖЕЛЕЗНЫХ СТАРЦЕВ;4 июня 78–го года
Какую информацию о себе, помимо детонаторов, предложил рассказать Айзек Бромберг Рудольфу Сикорски?;65cc0a0114f4ed908ab6ea0457ec68af;АЙЗЕК БРОМБЕРГ. БИТВА ЖЕЛЕЗНЫХ СТАРЦЕВ;4 июня 78–го года
Какую задачу выполнял отдел, в котором работает рассказчик, и как она связана с именем Пильгуя?;5709f3a04048398a710d08e22648c577;Упоминание имени Пильгуя...;4 июня 78–го года
Какой предмет Бромберг положил на стол перед Экселенцем, чтобы доказать свою правоту?;5709f3a04048398a710d08e22648c577;Упоминание имени Пильгуя...;4 июня 78–го года
Что Экселенц заявил о доступе в музей, что стало причиной конфликта с Бромбергом?;5709f3a04048398a710d08e22648c577;Упоминание имени Пильгуя...;4 июня 78–го года
Каким образом Сикорски объяснил свое присутствие в музее, и в чем он обвинил Бромберга?;5709f3a04048398a710d08e22648c577;Упоминание имени Пильгуя...;4 июня 78–го года
Какое произведение Айзека Бромберга, посвященное «Массачусетсскому кошмару», читал рассказчик и какое впечатление оно на него произвело?;30963b60da0940d38e67a6ea8b35f547;Довольно быстро я...;4 июня 78–го года
Какое движение, основанное Ламондуа, позиционировало право науки на развитие без ограничений, и какое место в нем занимал Айзек Бромберг?;30963b60da0940d38e67a6ea8b35f547;Довольно быстро я...;4 июня 78–го года
Какие принципы исповедуют экстремисты движения дзиюистов, и какой пример цивилизации был приведен в качестве иллюстрации их реализации?;30963b60da0940d38e67a6ea8b35f547;Довольно быстро я...;4 июня 78–го года
Какова основная задача КОМКОНа–2, и почему, по мнению рассказчика, Бромберг не понимал специфики их деятельности?;30963b60da0940d38e67a6ea8b35f547;Довольно быстро я...;4 июня 78–го года
Какую аббревиатуру, по мнению персонажа, скрывается за КОМКОН–2 и какое отношение к ней имеет Экселенц?;f453eff6231d4c6856fd757243d65d20;Но по–видимому даже...;4 июня 78–го года
"В связи с каким событием, произошедшим на Саракше, Экселенц, возможно, и решил окунуться в ""кровавую кашу""?";f453eff6231d4c6856fd757243d65d20;Но по–видимому даже...;4 июня 78–го года
Какую операцию, связанную с возможной агрессией извне, описанную в тексте, возглавлял Экселенц?;f453eff6231d4c6856fd757243d65d20;Но по–видимому даже...;4 июня 78–го года
Какую роль сыграл Бромберг в прекращении работы Ионафана Перейры в области теоретической евгеники и какие последствия это повлекло за собой?;f453eff6231d4c6856fd757243d65d20;Но по–видимому даже...;4 июня 78–го года
Какую этическую проблему, по мнению рассказчика, иллюстрирует история с андроидами, и какое отношение к ней занимает доктор Бромберг?;dd74611d1f4911bff35095c04d720213;История с андроидами в...;4 июня 78–го года
Что, по мнению доктора Бромберга, является нонсенсом и катахрезой в связи с андроидами?;dd74611d1f4911bff35095c04d720213;История с андроидами в...;4 июня 78–го года
С каким предметом, называемым то саркофагом, то инкубатором, связывали споры ученых, и что Экселенц скрывал вокруг него?;dd74611d1f4911bff35095c04d720213;История с андроидами в...;4 июня 78–го года
Какое вещество Экселенц предложил Бромбергу, а затем и сам принял?;e5738964ee57775a931a39f520e27b97;ЛЕВ АБАЛКИН У ДОКТОРА БРОМБЕРГА;4 июня 78–го года
Что, по словам Бромберга, он собирается сделать, когда Экселенц умрет?;e5738964ee57775a931a39f520e27b97;ЛЕВ АБАЛКИН У ДОКТОРА БРОМБЕРГА;4 июня 78–го года
Что за предмет, который Бромберг получил от некоего молодого человека, привлек его внимание?;e5738964ee57775a931a39f520e27b97;ЛЕВ АБАЛКИН У ДОКТОРА БРОМБЕРГА;4 июня 78–го года
Какой предмет Мак подал Экселенцу по его просьбе, и из какого материала был сделан его футляр?;e5738964ee57775a931a39f520e27b97;ЛЕВ АБАЛКИН У ДОКТОРА БРОМБЕРГА;4 июня 78–го года
Какие предметы, по словам Бромберга, были уложены в аккуратные гнезда и имели розовато-коричневые иероглифы на поверхности?;6e233e3a616db7aebe8dd3a598026b45;Вот эти штуки они...;4 июня 78–го года
Какой иероглиф, изображенный на детонаторе, сразу узнал Айзек, и где он ранее его видел?;6e233e3a616db7aebe8dd3a598026b45;Вот эти штуки они...;4 июня 78–го года
Что, по мнению Бромберга, является ключевым доказательством его правоты в идентификации объекта, помимо размера?;6e233e3a616db7aebe8dd3a598026b45;Вот эти штуки они...;4 июня 78–го года
"С кем Бромберг планирует связаться, как только ""златоперстый Феб озарит верхушки архитектурных уродов"", и как он объясняет свою связь с этим человеком?";6e233e3a616db7aebe8dd3a598026b45;Вот эти штуки они...;4 июня 78–го года
Какую профессию указал Александр Дымок при представлении Бромбергу?;b0e3d6cf3c5b77ef92b3daffcfba9a67;Сегодня а вернее вчера...;4 июня 78–го года
В какой период времени Бромберг искал информацию в хронологической части своей картотеки, пытаясь найти связь с исчезновением супругов Дымок?;b0e3d6cf3c5b77ef92b3daffcfba9a67;Сегодня а вернее вчера...;4 июня 78–го года
Что, помимо изучения картотеки, предпринял Бромберг для получения информации о супругах Дымок?;b0e3d6cf3c5b77ef92b3daffcfba9a67;Сегодня а вернее вчера...;4 июня 78–го года
С каким предметом, упомянутым в разговоре с Александром Дымком, связано открытие Бромберга о его истинной личности?;b0e3d6cf3c5b77ef92b3daffcfba9a67;Сегодня а вернее вчера...;4 июня 78–го года
В каком году отряд Следопытов под командованием Бориса Фокина высадился на планетке в системе ЕН 9173?;e55ea5c52f1faa8c6e7b6092c806118a;ТАЙНА ЛИЧНОСТИ ЛЬВА АБАЛКИНА;4 июня 78–го года
Какой материал, характерный для цивилизации Странников, облицовывал полусферу, обнаруженную Борисом Фокиным?;e55ea5c52f1faa8c6e7b6092c806118a;ТАЙНА ЛИЧНОСТИ ЛЬВА АБАЛКИНА;4 июня 78–го года
Кого Борис Фокин потребовал к себе из отдела КОМКОНа для обследования саркофага?;e55ea5c52f1faa8c6e7b6092c806118a;ТАЙНА ЛИЧНОСТИ ЛЬВА АБАЛКИНА;4 июня 78–го года
Что, согласно сообщению Марка ван Блеркома, на самом деле представлял собой саркофаг?;e55ea5c52f1faa8c6e7b6092c806118a;ТАЙНА ЛИЧНОСТИ ЛЬВА АБАЛКИНА;4 июня 78–го года
Какое требование выдвинул Геннадий Комов к Фокину и Блеркому после получения данных о находке?;6e64819ad8fce4ceb9a2e92a34f83cf5;Что же касается Геннадия...;4 июня 78–го года
Какие организации упоминаются в тексте, членами которых одновременно являлись руководители КОМКОНа?;6e64819ad8fce4ceb9a2e92a34f83cf5;Что же касается Геннадия...;4 июня 78–го года
"Какую цель преследовал Геннадий Комов своим ""нарочито резким выступлением"" на совещании?";6e64819ad8fce4ceb9a2e92a34f83cf5;Что же касается Геннадия...;4 июня 78–го года
В связи с какой областью работы Рудольф Сикорски не чувствовал себя достаточно компетентным для высказывания своего мнения на совещании?;6e64819ad8fce4ceb9a2e92a34f83cf5;Что же касается Геннадия...;4 июня 78–го года
Какую гипотезу относительно саркофага выдвинул Кирилл Александров, основываясь на своих антропоморфистских взглядах?;129a821a08e899a7f180056b2df79eab;Кирилл Александров...;4 июня 78–го года
Какую роль саркофага в системе ЕН 9173 предполагал Август–Иоганн Бадер, и на какие племена он возлагал надежды при восстановлении человечества?;129a821a08e899a7f180056b2df79eab;Кирилл Александров...;4 июня 78–го года
Геннадий Комов предложил рассматривать находку как начало нового этапа в истории землян и Странников. В чем заключалась его гипотеза относительно назначения яйцеклеток, обнаруженных в саркофаге?;129a821a08e899a7f180056b2df79eab;Кирилл Александров...;4 июня 78–го года
Махиро Синода выразил сомнение в благорасположенности Странников к землянам. Какое понятие он противопоставил гипотезе Геннадия Комова, чтобы подчеркнуть возможную негативную роль существ–посредников?;129a821a08e899a7f180056b2df79eab;Кирилл Александров...;4 июня 78–го года
Какую позицию на совещании представлял Геннадий Комовов, когда сообщил о шифровке от Фокина?;ab122e3e94a50ea8126f64336c7987cc;Совещание немедленно...;4 июня 78–го года
Какие гаджеты были отправлены в группу Фокина для изучения саркофага-инкубатора?;ab122e3e94a50ea8126f64336c7987cc;Совещание немедленно...;4 июня 78–го года
Какое название получил саркофаг после начала процесса деления яйцеклеток?;ab122e3e94a50ea8126f64336c7987cc;Совещание немедленно...;4 июня 78–го года
Какие опасения испытывали члены Комиссии по инкубатору, несмотря на отказ от идеи уничтожения инкубатора?;ab122e3e94a50ea8126f64336c7987cc;Совещание немедленно...;4 июня 78–го года
"Какое основание привел Сикорски для разделения ""подкидышей"" и предотвращения их встреч?";bc5a3a5f63a80477df3e73f2a2ccdf82;Первое. Все работы хотя...;4 июня 78–го года
"Какие специальности должны получить ""подкидыши"" согласно ""Четырем требованиям Сикорски"" и с какой целью?";bc5a3a5f63a80477df3e73f2a2ccdf82;Первое. Все работы хотя...;4 июня 78–го года
"Что заявил Махиро Синода, повлиявшее на принятие ""Четырех требований""?";bc5a3a5f63a80477df3e73f2a2ccdf82;Первое. Все работы хотя...;4 июня 78–го года
С кем беседовал Леонид Андреевич Горбовский, и о каком сообщении он осведомился?;bc5a3a5f63a80477df3e73f2a2ccdf82;Первое. Все работы хотя...;4 июня 78–го года
Какую цель преследовал визит доктора Ас–Су к Сикорски?;c6e9496d0268d591a92a1b5ed1d98e0d;7 января его неожиданно...;4 июня 78–го года
Что тагорские строители обнаружили при закладке фундамента Третьей Большой Машины в Приполярном Континенте?;c6e9496d0268d591a92a1b5ed1d98e0d;7 января его неожиданно...;4 июня 78–го года
Какие меры были предприняты после спонтанного развития личинок тагорян, обнаруженных в устройстве, найденном Странниками?;c6e9496d0268d591a92a1b5ed1d98e0d;7 января его неожиданно...;4 июня 78–го года
В каком году родились тринадцать детей, судьба которых была запрограммирована Всемирным советом и Комиссией по Тринадцати?;c6e9496d0268d591a92a1b5ed1d98e0d;7 января его неожиданно...;4 июня 78–го года
Какое физическое состояние Левы Абалкина до ноября 1947 года, по мнению наблюдателей, не отличалось от других детей?;371dfd724537685db522877110c65059;Лева Абалкин рос и...;4 июня 78–го года
Какой предмет обнаружила Ядвига Михайловна у Льва Абалкина в ноябре 1947 года, что послужило началом странных изменений?;371dfd724537685db522877110c65059;Лева Абалкин рос и...;4 июня 78–го года
В каком учреждении был описан ящик-футляр, найденный в инкубаторе, и в каком издании?;371dfd724537685db522877110c65059;Лева Абалкин рос и...;4 июня 78–го года
Кто первым обнаружил значок на локте у Левы Абалкина, и к кому он обратился с информацией об этом?;371dfd724537685db522877110c65059;Лева Абалкин рос и...;4 июня 78–го года
Какую просьбу Рудольф Сикорски адресовал директору музея относительно экспоната номер такой-то?;2ab226e1e739fb44d33d0d35c6274097;Иванов был тоже испуган....;4 июня 78–го года
Какие обстоятельства произошли с группой школьников из интерната «Темпладо» в Северных Андах, и какое отношение это имеет к детонатору номер 12?;2ab226e1e739fb44d33d0d35c6274097;Иванов был тоже испуган....;4 июня 78–го года
В каком году и где резидентствовал Рудольф Сикорски под прозвищем «Странник», когда Комиссия по Тринадцати получила разрешение на частичное раскрытие тайны личности «подкидыша» Корнея Яшмаа?;2ab226e1e739fb44d33d0d35c6274097;Иванов был тоже испуган....;4 июня 78–го года
Что Иванов и его коллега поняли друг друга без слов в начале фрагмента, и какую картину они представляли перед глазами?;2ab226e1e739fb44d33d0d35c6274097;Иванов был тоже испуган....;4 июня 78–го года
Какое учебное заведение заканчивал Корней Яшмаа в 78-м году?;6df6873f148a86c3611c8ce0da5ba35b;Корней Яшмаа кончал тогда...;4 июня 78–го года
На какой планете работал Томас Нильсон, когда с ним повторили эксперимент, подобный эксперименту с Корнеем Яшмаа?;6df6873f148a86c3611c8ce0da5ba35b;Корней Яшмаа кончал тогда...;4 июня 78–го года
Какой предмет, используемый для самонаблюдения, охотно согласился регулярно проходить Корней Яшмаа?;6df6873f148a86c3611c8ce0da5ba35b;Корней Яшмаа кончал тогда...;4 июня 78–го года
Что произошло со значком «Косая звезда», принадлежащим Томасу Нильсону, спустя сто тридцать два дня после начала эксперимента?;6df6873f148a86c3611c8ce0da5ba35b;Корней Яшмаа кончал тогда...;4 июня 78–го года
Какую информацию Экселенц сообщил рассказчику о встречах Льва Абалкина с Тристаном в джунглях?;47134e166154e845ae050c78981c9eed;ДИСКУССИЯ СИТУАЦИИ;4 июня 78–го года
Что, по мнению Экселенца, произошло с Тристаном и как это связано с бегством Льва Абалкина на Землю?;47134e166154e845ae050c78981c9eed;ДИСКУССИЯ СИТУАЦИИ;4 июня 78–го года
Какие изменения в поведении Яшмаа и других персонажей заметил Экселенц, и что это могло означать?;47134e166154e845ae050c78981c9eed;ДИСКУССИЯ СИТУАЦИИ;4 июня 78–го года
"Что Экселенц имел в виду, говоря, что программа требует от Льва Абалкина ""нечеловеческого"", и как это влияет на его действия?";47134e166154e845ae050c78981c9eed;ДИСКУССИЯ СИТУАЦИИ;4 июня 78–го года
Какую операцию, в которой Странники спасли население целой планеты, упоминает Мак, пытаясь убедить Экселенца в их благосклонности?;a5dccd6b6cf6cdda86c7caaaf50f1bbe;Он не убедил меня. Логика...;4 июня 78–го года
Что, по мнению Экселенца, было причиной плохого самочувствия и отсутствия аппетита у него самого?;a5dccd6b6cf6cdda86c7caaaf50f1bbe;Он не убедил меня. Логика...;4 июня 78–го года
В связи с какой программой и какими предметами, заложенными в человеческие зародыши, у Экселенца возникают самые сильные возражения?;a5dccd6b6cf6cdda86c7caaaf50f1bbe;Он не убедил меня. Логика...;4 июня 78–го года
"Какой поступок тагорян привел их к ""жуткому тупику"", по мнению Экселенца?";a5dccd6b6cf6cdda86c7caaaf50f1bbe;Он не убедил меня. Логика...;4 июня 78–го года
Какую гипотезу, принятую большинством Комиссии, упоминает персонаж, обращаясь к Мак?;7b44ad98c8f93142951fcf812d37bb02;Он положил лысый череп на...;4 июня 78–го года
Что, по мнению говорящего, происходит с людьми, когда они устают думать на определенную тему?;7b44ad98c8f93142951fcf812d37bb02;Он положил лысый череп на...;4 июня 78–го года
Какой образ использует персонаж, чтобы описать ситуацию, в которой его сделали 'муравьем', и сколько лет, по его словам, было 'вычеркнуто из жизни'?;7b44ad98c8f93142951fcf812d37bb02;Он положил лысый череп на...;4 июня 78–го года
Какую должность занимает Рудольф Сикорски в организации КОМКОН–2?;bfcbaf7d2f4eaec4e13a3ab99698ffc2;ЛЕВ АБАЛКИН В НАТУРЕ;4 июня 78–го года
Что заставило Льва Абалкина прийти к Экселенцу, несмотря на его нежелание разговаривать?;bfcbaf7d2f4eaec4e13a3ab99698ffc2;ЛЕВ АБАЛКИН В НАТУРЕ;4 июня 78–го года
Какое прозвище дали Льву Абалкину в КОМКОНе, и почему Экселенц упоминает о Бромберге в связи с этим?;bfcbaf7d2f4eaec4e13a3ab99698ffc2;ЛЕВ АБАЛКИН В НАТУРЕ;4 июня 78–го года
Какое сравнение использует Экселенц, описывая состояние Льва Абалкина в конце разговора, и что, по его мнению, могло стать причиной такого состояния?;bfcbaf7d2f4eaec4e13a3ab99698ffc2;ЛЕВ АБАЛКИН В НАТУРЕ;4 июня 78–го года
Какую реакцию вызвала просьба Экселенца у Абалкина 4 июня 78-го года?;bd60a5fe92ec4de55db0579f4b105e9f;Медленная судорога прошла...;4 июня 78–го года
"К кому, помимо Экселенца, просил Абалкина обратиться в случае ""непривычного ощущения""?";bd60a5fe92ec4de55db0579f4b105e9f;Медленная судорога прошла...;4 июня 78–го года
"Что, по словам Экселенца, Абалкину следует сообщить ""сразу же"", пока он еще является?";bd60a5fe92ec4de55db0579f4b105e9f;Медленная судорога прошла...;4 июня 78–го года
Каким образом Экселенц планировал поддерживать связь с преследовавшим Абалкина?;bd60a5fe92ec4de55db0579f4b105e9f;Медленная судорога прошла...;4 июня 78–го года
В каком здании Лев Абалкин завершил операцию, после чего отправился на прогулку?;596b9e7283bcf826a15e73d2feefd5de;ЗАВЕРШЕНИЕ ОПЕРАЦИИ;4 июня 78–го года
Где именно Лев Абалкин устроился отдохнуть, рассматривая барельеф какого персонажа?;596b9e7283bcf826a15e73d2feefd5de;ЗАВЕРШЕНИЕ ОПЕРАЦИИ;4 июня 78–го года
Какое устройство, согласно тексту, Экселенц приказал найти и принести ему?;596b9e7283bcf826a15e73d2feefd5de;ЗАВЕРШЕНИЕ ОПЕРАЦИИ;4 июня 78–го года
Что, по мнению рассказчика, Экселенц ожидает увидеть в музее от автомата Странников, а точнее от Абалкина?;596b9e7283bcf826a15e73d2feefd5de;ЗАВЕРШЕНИЕ ОПЕРАЦИИ;4 июня 78–го года
Какое транспортное средство планировал использовать рассказчик для доставки Льва Абалкина на ракетодром?;9b4f0993797e5e71f3fcbbe2556cb69e;Он впервые глянул мне...;4 июня 78–го года
На какой улице шли рассказчик и Лев Абалкин, прежде чем направиться к Площади Звезды?;9b4f0993797e5e71f3fcbbe2556cb69e;Он впервые глянул мне...;4 июня 78–го года
Кто, по словам рассказчика, должен был прибыть на ракетодром, чтобы помочь разобраться в ситуации с Львом Абалкиным?;9b4f0993797e5e71f3fcbbe2556cb69e;Он впервые глянул мне...;4 июня 78–го года
С каким прозвищем в тексте упоминается персонаж по имени Гриша Серосовин?;9b4f0993797e5e71f3fcbbe2556cb69e;Он впервые глянул мне...;4 июня 78–го года
Какое состояние испытывал Лев Абалкин, когда Гриша и рассказчик ворвались в мастерскую Майи Тойвовны Глумовой?;27042ce3c5f32c94569ef26f2554f7cc;Треснули еще два выстрела...;4 июня 78–го года
Что держал в руке Экселенц, когда приближался к Льву Абалкину в мастерской?;27042ce3c5f32c94569ef26f2554f7cc;Треснули еще два выстрела...;4 июня 78–го года
Каким образом был обозначен серый диск детонатора, к которому пытался дотянуться Лев Абалкин?;27042ce3c5f32c94569ef26f2554f7cc;Треснули еще два выстрела...;4 июня 78–го года
Что повторял Лев Абалкин, находясь при смерти, и какое место упоминалось в его фразе?;27042ce3c5f32c94569ef26f2554f7cc;Треснули еще два выстрела...;4 июня 78–го года
